nome,porcentagem_desconto,preço,tipo
Darkest Dungeon: Ancestral Edition,0,"R$ 94,99",Pacote
Darkest Dungeon,0,"R$ 45,99",Padrão
Star Wars Empire at War - Gold Pack,0,Indisponivel,Padrão
RESIDENT EVIL 2 / BIOHAZARD RE:2 - DELUXE EDITION,0,"R$ 109,99",Padrão
Mad Max,-94%,"R$ 4,50",Padrão
Enter the Gungeon,0,"R$ 27,99",Padrão
RESIDENT EVIL 7 biohazard Gold Edition,0,"R$ 87,08",Padrão
LEGO Harry Potter: Years 1- 4,0,"R$ 89,99",Padrão
Sid Meier’s Civilization V: The Complete Edition,0,"R$ 99,99",Padrão
RESIDENT EVIL 3,0,"R$ 129,99",Padrão
Resident Evil HD REMASTER,0,"R$ 39,99",Padrão
LEGO Marvel Super Heroes,-94%,"R$ 4,50",Padrão
GRIS,0,"R$ 32,99",Padrão
RESIDENT EVIL 2 / BIOHAZARD RE:2,0,"R$ 89,99",Padrão
F.E.A.R. 3,-94%,"R$ 4,50",Padrão
DayZ,-50%,"R$ 59,99",Padrão
Middle-earth: Shadow of Mordor - Game of the Year Edition,-94%,"R$ 4,50",Padrão
Secret Neighbor,-75%,"R$ 9,49",Padrão
Euro Truck Simulator 2,0,"R$ 39,99",Padrão
The LEGO Ninjago Movie Video Game,-94%,"R$ 4,50",Padrão
DRAGON BALL Z: KAKAROT - Deluxe Edition,0,"R$ 249,90",Padrão
Resident Evil 5 - Gold Edition,0,Indisponivel,Padrão
Resident Evil 4,-8%,"R$ 228,99",Padrão
LEGO Jurassic World,-90%,"R$ 8,99",Padrão
Monster Hunter World: Iceborne Master Edition,0,"R$ 129,99",Padrão
Subnautica: Below Zero,-40%,"R$ 34,79",Padrão
RollerCoaster Tycoon 3: Complete Edition,0,"R$ 37,99",Padrão
Euro Truck Simulator 2 - Special Transport,0,"R$ 12,19",DLC
Xbox - Cartão Presente Digital 70 Reais,0,"R$ 70,00",Padrão
LEGO Star Wars: The Force Awakens,-94%,"R$ 4,50",Padrão
Far Cry 6,0,"R$ 249,99",Padrão
Batman: Arkham Knight,-85%,"R$ 13,49",Padrão
Batman Arkham Origins,-80%,"R$ 17,99",Padrão
DEVIL MAY CRY 5 + VERGIL,0,"R$ 89,99",Padrão
Street Fighter V,0,"R$ 39,99",Padrão
Darkest Dungeon: The Crimson Court,0,"R$ 19,99",DLC
Don't Starve Together,0,"R$ 27,99",Padrão
Resident Evil 6,0,"R$ 84,99",Padrão
Katana ZERO,0,"R$ 28,99",Padrão
The Legend of Heroes: Trails in the Sky the 3rd,0,"R$ 55,99",Padrão
Hotline Miami 2: Wrong Number,0,"R$ 24,99",Padrão
Darkest Dungeon: Color Of Madness,0,"R$ 10,89",DLC
LEGO Harry Potter Years 5-7,-90%,"R$ 8,99",Padrão
Riot Points - Gift Card Digital 20 Reais,0,"R$ 20,00",Padrão
The Legend of Heroes: Trails in the Sky SC,0,"R$ 69,99",Padrão
Mortal Kombat XL,-90%,"R$ 12,99",Pacote
Euro Truck Simulator 2 - Heavy Cargo Pack,0,"R$ 12,49",DLC
Mega Man X Legacy Collection 2,0,"R$ 39,99",Padrão
Euro Truck Simulator 2 - Going East!,0,"R$ 24,99",DLC
Little Nightmares,-75%,"R$ 19,99",Padrão
Naruto Shippuden: Ultimate Ninja Storm 4 - Season Pass,0,"R$ 49,90",DLC
Enigma do Medo - Bundle do Medo,-12%,"R$ 105,00",Pré-Venda
Euro Truck Simulator 2 - Scandinavia,0,"R$ 44,99",DLC
ENSLAVED: Odyssey to the West Premium Edition,0,"R$ 34,99",Padrão
The Last Campfire,0,"R$ 28,99",Padrão
Darkest Dungeon: The Shieldbreaker,0,"R$ 8,69",DLC
The Legend of Heroes: Trails in The Sky,0,"R$ 36,99",Padrão
The Legend of Heroes: Trails of Cold Steel,0,"R$ 72,99",Padrão
The Legend of Heroes: Trails of Cold Steel II,0,"R$ 72,99",Padrão
Resident Evil Revelations,0,"R$ 59,99",Padrão
Castlevania: Lords of Shadow - Ultimate Edition,0,"R$ 49,99",Padrão
Dragon's Dogma: Dark Arisen,0,"R$ 74,99",Padrão
GTA Online: Great White Shark Cash Card,0,"R$ 35,99",Padrão
The Last of Us - Part I,-10%,"R$ 223,99",Padrão
Quantum Break,0,"R$ 72,99",Padrão
Naruto Shippuden: Ultimate Ninja STORM Revolution,0,"R$ 55,99",Padrão
S.T.A.L.K.E.R.: Shadow of Chernobyl,0,"R$ 34,99",Padrão
Xbox - Cartão Presente Digital 10 Reais,0,"R$ 10,00",Padrão
Cult of the Lamb,0,"R$ 64,95",Padrão
Xbox - Cartão Presente Digital 25 Reais,0,"R$ 25,00",Padrão
Crunchyroll Fan - 1 mês,0,"R$ 14,99",Padrão
Tales of Symphonia,-50%,"R$ 18,49",Padrão
LEGO Batman,-94%,"R$ 4,50",Padrão
Middle-earth: Shadow of War,-94%,"R$ 11,50",Padrão
LEGO City Undercover,-90%,"R$ 8,99",Padrão
LEGO The Lord of the Rings,0,"R$ 89,99",Padrão
LEGO Marvel Super Heroes 2: Deluxe Edition,-94%,"R$ 8,00",Padrão
Mortal Kombat 11,-90%,"R$ 22,99",Padrão
Hotline Miami,0,"R$ 16,99",Padrão
Ni no Kuni II: Revenant Kingdom - The Prince's Edition,-85%,"R$ 32,98",Padrão
Freedom Fighters,-80%,"R$ 5,79",Padrão
Hotline Miami 2: Wrong Number - Digital Special Edition,0,"R$ 34,99",Padrão
Pro Cycling Manager 2022,0,"R$ 75,49",Padrão
Mortal Kombat X,-90%,"R$ 8,99",Padrão
Xbox Game Pass Ultimate - 1 Mês,0,"R$ 44,99",Padrão
Euro Truck Simulator,0,"R$ 10,49",Padrão
Resident Evil 4 - Deluxe Edition,-8%,"R$ 274,99",Padrão
ACE COMBAT 7: SKIES UNKNOWN,0,"R$ 159,00",Padrão
Resident Evil Village,0,"R$ 139,90",Padrão
METAL GEAR SOLID V: The Definitive Experience,0,"R$ 98,99",Padrão
My Friend Pedro,0,"R$ 37,99",Padrão
Devil May Cry HD Collection,0,"R$ 69,99",Padrão
Trailmakers,0,"R$ 47,49",Padrão
SOULCALIBUR VI - Deluxe Edition,0,"R$ 259,90",Padrão
Moonlighter,-85%,"R$ 5,69",Padrão
Call of Juarez 2: Bound in Blood,-80%,"R$ 3,99",Padrão
Xbox - Cartão Presente Digital 40 Reais,0,"R$ 40,00",Padrão
Naruto Storm 4: Road to Boruto Expansion,0,"R$ 36,99",DLC
MONSTER HUNTER: WORLD,0,"R$ 69,99",Padrão
F1 Manager 2022,0,"R$ 99,99",Padrão
S.T.A.L.K.E.R.: Call of Pripyat,0,"R$ 34,99",Padrão
DayZ Livonia,-30%,"R$ 17,49",DLC
Tom Clancy’s Rainbow Six - SIEGE - Standard Edition,0,"R$ 59,99",Padrão
Devil May Cry 4: Edição Especial,0,"R$ 49,99",Padrão
Metal Gear Solid V: Ground Zeroes,0,"R$ 36,99",Padrão
Ultra Street Fighter IV,0,"R$ 59,99",Padrão
Riot Points - Gift Card Digital 50 Reais,0,"R$ 50,00",Padrão
Xbox - Cartão Presente Digital 100 Reais,0,"R$ 100,00",Padrão
Silent Hill Homecoming,0,"R$ 34,99",Padrão
WRC 10 FIA World Rally Championship,0,"R$ 109,99",Padrão
Resident Evil Village Gold Edition,0,"R$ 169,90",Padrão
BágDex - Standard,0,"R$ 35,00",Pré-Venda
Scribblenauts Unmasked: A DC Comics Adventures,-90%,"R$ 3,69",Padrão
Xbox - Cartão Presente Digital 5 Reais,0,"R$ 5,00",Padrão
DmC: Devil May Cry,0,"R$ 59,99",Padrão
Frostpunk,0,"R$ 88,99",Padrão
Mortal Kombat 11 Ultimate,-80%,"R$ 55,99",Padrão
Castlevania: Lords of Shadow 2,0,"R$ 72,99",Padrão
DRAGON BALL FighterZ - FighterZ Pass,0,"R$ 89,90",DLC
Men of War: Assault Squad 2 - War Chest Edition,0,"R$ 139,32",Padrão
NARUTO SHIPPUDEN: Ultimate Ninja STORM 4 - Road to Boruto,0,"R$ 122,16",Padrão
Naruto Shippuden: Ultimate Ninja Storm 4,0,"R$ 97,00",Padrão
TRAIL OUT,0,"R$ 37,99",Padrão
Resident Evil Village - Winters' Expansion,0,"R$ 66,90",DLC
Xbox - Cartão Presente Digital 20 Reais,0,"R$ 20,00",Padrão
Sword Art Online: Hollow Realization Deluxe Edition,0,"R$ 90,99",Padrão
Castlevania: Lord of Shadows - Mirror of Fate HD,0,"R$ 27,99",Padrão
Enigma do Medo - Bundle do Detetive,-10%,"R$ 85,00",Pré-Venda
Injustice 2 - Legendary Edition,-85%,"R$ 41,99",Padrão
Back 4 Blood,-80%,"R$ 55,99",Padrão
Umbrella Corps: Deluxe Edition,0,"R$ 54,99",Padrão
Riot Points - Gift Card Digital 100 Reais,0,"R$ 100,00",Padrão
Mortal Kombat X - Premium Edition,-85%,"R$ 25,34",Padrão
Ni no Kuni II: Revenant Kingdom - Season Pass,0,"R$ 59,90",DLC
RUINER,0,"R$ 36,99",Padrão
Graveyard Keeper,-60%,"R$ 15,19",Padrão
For The King Double Keys,0,"R$ 75,98",Padrão
Resident Evil: Revelations 2 Deluxe Edition,0,"R$ 74,99",Padrão
Wildfrost,0,"R$ 59,99",Padrão
171,0,"R$ 59,99",Padrão
Xbox - Cartão Presente Digital 60 Reais,0,"R$ 60,00",Padrão
Arma 3,0,"R$ 99,99",Padrão
LEGO Batman 2: DC Super Heroes,-94%,"R$ 4,50",Padrão
Rain World,0,"R$ 36,99",Padrão
DRAGON BALL Z: KAKAROT,0,"R$ 159,90",Padrão
Blasphemous,-75%,"R$ 14,97",Padrão
Euro Truck Simulator 2 - Brazilian Paint Jobs Pack,0,"R$ 2,49",DLC
Batman Arkham Collection,-85%,"R$ 41,99",Padrão
Sid Meier’s Civilization V: Brave New World,0,"R$ 44,99",DLC
LEGO Star Wars: The Force Awakens - Deluxe Edition,-94%,"R$ 6,50",Pacote
ULTIMATE MARVEL VS. CAPCOM 3,0,"R$ 54,99",Padrão
Euro Truck Simulator 2 - Italia,0,"R$ 44,99",DLC
TEKKEN 7,0,"R$ 129,90",Padrão
Enigma do Medo,-9%,"R$ 49,99",Pré-Venda
Complete Cossacks 3 Experience,0,"R$ 72,31",Padrão
Ravenswatch,0,"R$ 59,99",Padrão
Titan Souls Collector's Edition,0,"R$ 34,99",Padrão
F.E.A.R. 2: Project Origin,-94%,"R$ 3,50",Padrão
Destiny 2: Lightfall,-39%,"R$ 90,44",DLC
Gato Roboto,0,"R$ 16,59",Padrão
American Truck Simulator: Enchanted Edition,0,"R$ 115,26",Padrão
Pure Farming 2018 - Deluxe Edition,-90%,"R$ 3,99",Padrão
Batman: Arkham Knight - Premium Edition,-85%,"R$ 26,99",Padrão
Mortal Kombat 11 - Aftermath,-80%,"R$ 25,99",DLC
Darksiders Warmastered Edition,0,"R$ 34,99",Padrão
This War of Mine,0,"R$ 36,99",Padrão
The Walking Dead: Season Two,0,"R$ 28,99",Padrão
Little Nightmares II,-67%,"R$ 52,63",Padrão
Mortal Kombat X - Kombat Pack 2,-85%,"R$ 5,23",DLC
Conan Exiles,0,"R$ 99,49",Padrão
Inscryption,0,"R$ 49,99",Padrão
Euro Truck Simulator 2 - Cabin Accessories,0,"R$ 11,49",DLC
LEGO Indiana Jones: The Original Adventures,0,"R$ 37,99",Padrão
Darksiders III - Deluxe Edition,0,"R$ 93,99",Padrão
Euro Truck Simulator 2 - Wheel Tuning Pack,0,"R$ 6,49",DLC
Mega Man Legacy Collection,0,"R$ 29,99",Padrão
DREDGE,0,"R$ 89,99",Padrão
Castlevania: Lords of Shadow 2 - Relic Rune Pack,0,"R$ 2,19",DLC
NARUTO TO BORUTO - SHINOBI STRIKER Deluxe Edition,0,"R$ 239,90",Padrão
Force of Nature 2: Ghost Keeper,0,"R$ 30,99",Padrão
Monster Hunter Rise,0,"R$ 139,90",Padrão
Euro Truck Simulator 2 - Beyond the Baltic Sea,0,"R$ 44,99",DLC
Wolcen: Lords of Mayhem,0,"R$ 75,49",Padrão
LEGO Star Wars - The Complete Saga,0,"R$ 37,99",Padrão
The Walking Dead,0,"R$ 28,99",Padrão
Euro Truck Simulator 2 - High Power Cargo Pack,0,"R$ 10,49",DLC
Blair Witch,-75%,"R$ 14,49",Padrão
Monster Hunter World: Iceborne,0,"R$ 89,99",DLC
DEVIL MAY CRY 5 DELUXE + VERGIL,0,"R$ 119,99",Padrão
Kingdom Come: Deliverance - Royal Edition,0,"R$ 69,99",Padrão
Shadow Warrior 2,0,"R$ 72,99",Padrão
Tom Clancy's Ghost Recon - Wildlands,0,"R$ 149,99",Padrão
Tales of Zestiria,0,"R$ 90,99",Padrão
Darksiders Blade & Whip Franchise Pack,0,"R$ 148,55",Padrão
Marvel vs. Capcom: Infinite Deluxe,0,"R$ 129,99",Padrão
Wizard of Legend,0,"R$ 30,99",Padrão
Children of Morta,0,"R$ 47,49",Padrão
Dead Rising 3 - Apocalypse Edition,0,"R$ 84,99",Padrão
Monster Hunter World: Iceborne Master Edition Deluxe,0,"R$ 149,99",Padrão
Star Wars - Dark Forces,0,"R$ 12,39",Padrão
Tom Clancy's Ghost Recon Breakpoint,0,"R$ 179,00",Padrão
One Piece: Burning Blood,0,"R$ 129,99",Padrão
Scribblenauts Unlimited,-94%,"R$ 4,50",Padrão
Frostpunk - Season Pass,0,"R$ 78,02",DLC
Xbox - Cartão Presente Digital 200 Reais,0,"R$ 200,00",Padrão
Skul: The Hero Slayer,0,"R$ 37,99",Padrão
Legend of Kay Anniversary,0,"R$ 36,99",Padrão
Middle-earth: Shadow of War - Expansion Pass,-94%,"R$ 3,50",DLC
MotoGP 21,0,"R$ 93,99",Padrão
LEGO Marvel Vingadores Deluxe Edition,-94%,"R$ 6,50",Padrão
Xbox - Cartão Presente Digital 50 Reais,0,"R$ 50,00",Padrão
The Universim,0,"R$ 55,99",Padrão
Call of Duty: Black Ops (Apenas p/ MAC),0,"R$ 71,99",Padrão
Sid Meier’s Civilization VI Anthology,0,"R$ 230,99",Padrão
Xbox Game Pass Ultimate - 3 Meses,0,"R$ 134,99",Padrão
LEGO Indiana Jones 2: The Adventure Continues,0,"R$ 37,99",Padrão
Digimon Story Cyber Sleuth: Complete Edition,0,"R$ 129,99",Padrão
Darksiders Genesis,0,"R$ 57,99",Padrão
Assassin's Creed: Odyssey,0,"R$ 179,99",Padrão
Far Cry Primal: Digital Apex Edition,0,"R$ 104,99",Padrão
Overcooked! 2,-75%,"R$ 14,97",Padrão
Monster Hunter Rise: Sunbreak,0,"R$ 169,90",DLC
Batman Arkham City - Game of the Year Edition,-80%,"R$ 17,99",Padrão
Star Wars - The Force Unleashed Ultimate Sith Edition,0,"R$ 37,99",Padrão
Assassin's Creed Valhalla,0,"R$ 199,99",Padrão
Mortal Kombat 11 Kombat Pack 2,-75%,"R$ 14,99",DLC
Castlevania: Lords of Shadow 2 - Revelations,0,"R$ 15,99",DLC
NARUTO SHIPPUDEN: Ultimate Ninja STORM Legacy,0,"R$ 217,99",Padrão
Shovel Knight Pocket Dungeon,0,"R$ 37,99",Padrão
LEGO BATMAN 3: Beyond Gotham - Premium Edition,-94%,"R$ 8,00",Padrão
Titan Souls,0,"R$ 24,99",Padrão
NBA 2K23,0,"R$ 299,90",Padrão
The LEGO Movie - Videogame,-94%,"R$ 4,50",Padrão
Distortions,0,"R$ 9,99",Padrão
Horizon Chase Turbo - Summer Vibes,0,"R$ 5,49",DLC
Far Cry 3,0,"R$ 59,99",Padrão
Graveyard Keeper - Game Of Crone,-60%,"R$ 8,27",DLC
Far Cry 6 - Game of the Year Edition,0,"R$ 399,99",Padrão
TEKKEN 7 - Definitive Edition,0,"R$ 529,59",Padrão
Jurassic World Evolution 2 - Deluxe Edition,0,"R$ 127,99",Padrão
ONE PUNCH MAN: A HERO NOBODY KNOWS - DELUXE EDITION,0,"R$ 229,90",Padrão
ONE PIECE WORLD SEEKER - Deluxe Edition,0,"R$ 349,90",Padrão
Don't Starve Together: Starter Pack 2023,0,"R$ 16,59",DLC
Far Cry 6 - Gold Edition,0,"R$ 349,99",Padrão
Star Wars Rebellion,0,"R$ 12,39",Padrão
MotoGP 13,0,"R$ 36,99",Padrão
Loop Hero,0,"R$ 34,99",Padrão
Dragon Ball Xenoverse,0,"R$ 79,99",Padrão
Conan Exiles: Isle of Siptah Edition,0,"R$ 124,07",Padrão
The Walking Dead: Michonne - A Telltale Miniseries,0,"R$ 27,99",Padrão
.hack//G.U. Last Recode,0,"R$ 129,90",Padrão
LEGO Star Wars: The Force Awakens - Season Pass,-94%,"R$ 2,00",DLC
FIFA 23 - Ultimate Team - FIFA Points 2800,0,"R$ 125,00",Padrão
Serious Sam 4,0,"R$ 75,49",Padrão
Kao the Kangaroo: Round 2,0,"R$ 4,49",Padrão
The Forgotten City,0,"R$ 55,99",Padrão
Star Wars Republic Commando,0,Indisponivel,Padrão
F.E.A.R. - Ultimate Shooter Edition,0,"R$ 16,99",Padrão
Dying Light - Classified Operation Bundle,-75%,"R$ 1,62",DLC
BágDex - Treinador,0,"R$ 80,00",Pré-Venda
Tales of Vesperia: Definitive Edition,-80%,"R$ 27,98",Padrão
Broforce,0,"R$ 24,99",Padrão
Subnautica,-40%,"R$ 34,79",Padrão
Middle-earth: Shadow of War - The Blade of Galadriel Story Expansion,-82%,"R$ 8,09",DLC
Devil May Cry 3 - Special Edition,0,"R$ 39,99",Padrão
Euro Truck Simulator 2 - Vive la France,0,"R$ 44,99",DLC
Star Wars: The Force Unleashed II,0,"R$ 37,99",Padrão
Xbox - Cartão Presente Digital 15 Reais,0,"R$ 15,00",Padrão
Captain Tsubasa: Rise of New Champions,0,"R$ 179,90",Padrão
PC Building Simulator,0,"R$ 37,99",Padrão
Ducktales Remastered,0,"R$ 29,99",Padrão
Destiny 2: Lightfall + Annual Pass,-32%,"R$ 202,49",DLC
Destiny 2: Bungie 30th Anniversary Pack,-60%,"R$ 29,99",DLC
Mortal Kombat X - Kombat Pack,-85%,"R$ 3,73",DLC
ONE PIECE: PIRATE WARRIORS 4 - Deluxe Edition,0,"R$ 239,90",Padrão
Super Mombo Quest,0,"R$ 28,99",Padrão
Dandy Ace,0,"R$ 29,99",Padrão
Forager,0,"R$ 37,99",Padrão
Horizon Chase Turbo,0,"R$ 49,99",Padrão
Castlevania: Lords of Shadow 2 - Armored Dracula Costume,0,"R$ 2,19",DLC
Star Wars: Knights of the Old Republic II - The Sith Lords,0,"R$ 19,99",Padrão
LEGO Batman 3: Beyond Gotham Season Pass,-90%,"R$ 2,79",DLC
Far Cry 4,0,"R$ 89,99",Padrão
Castlevania: Lords of Shadow 2 - Dark Dracula Costume,0,"R$ 2,19",DLC
Batman: Arkham Origins - Season Pass,-80%,"R$ 7,39",DLC
LEGO Marvel Super Heroes 2 - Season Pass,-90%,"R$ 2,99",DLC
DRAGON BALL FighterZ,0,"R$ 149,90",Padrão
Mega Man 11,0,"R$ 69,99",Padrão
Super Bomberman R,0,"R$ 150,00",Padrão
Destiny 2: Legacy Collection,-50%,"R$ 74,99",Padrão
Ni no Kuni Wrath of the White Witch Remastered,-80%,"R$ 25,99",Padrão
The LEGO Movie 2 Videogame,-94%,"R$ 6,50",Padrão
Middle-earth Shadow of Mordor - GOTY Edition Upgrade,-75%,"R$ 4,99",DLC
DwarfHeim,0,"R$ 47,49",Padrão
RUSH: A Disney - PIXAR Adventure,0,"R$ 37,99",Padrão
Remember Me,0,"R$ 49,99",Padrão
Euro Truck Simulator 2 - Schwarzmüller Trailer Pack,0,"R$ 6,29",DLC
RiMS Racing,0,"R$ 109,99",Padrão
Urban Trial Freestyle,0,"R$ 13,99",Padrão
Euro Truck Simulator 2 - Mighty Griffin Tuning Pack,0,"R$ 9,99",DLC
The Last of Us - Part I - Digital Deluxe Edition,-10%,"R$ 268,90",Padrão
Starship Troopers - Terran Command,0,"R$ 57,99",Padrão
Minecraft: Java and Bedrock Edition,0,"R$ 129,00",Padrão
Mortal Kombat 11 Kombat Pack 1,-90%,"R$ 5,99",DLC
Crunchyroll Mega Fan - 1 mês,0,"R$ 19,99",Padrão
Crypt of the NecroDancer,0,"R$ 27,99",Padrão
Dying Light Definitive Edition,-80%,"R$ 24,99",Padrão
Dragon Ball Xenoverse 2,0,"R$ 159,90",Padrão
LEGO DC Super-Villains - Deluxe Edition,-94%,"R$ 12,75",Padrão
Elden Ring,0,"R$ 249,90",Padrão
The Walking Dead: A New Frontier,0,"R$ 28,99",Padrão
LEGO DC Super-Villains,-94%,"R$ 9,00",Padrão
Human: Fall Flat,0,"R$ 37,99",Padrão
Back 4 Blood Ultimate,-80%,"R$ 91,99",Padrão
Destiny 2: Pacote de Renegados,-60%,"R$ 15,19",DLC
Children of Morta: Paws and Claws,0,"R$ 4,49",DLC
The Messenger,0,"R$ 37,99",Padrão
Dragon Ball Xenoverse 2 - Super Pass,0,"R$ 100,00",DLC
Euro Truck Simulator 2 - Road to the Black Sea,0,"R$ 44,99",DLC
DRAGON BALL FighterZ - FighterZ Edition,0,"R$ 239,90",Padrão
LEGO Batman 3: Beyond Gotham,-94%,"R$ 4,50",Padrão
Metal Gear Rising - Revengeance,0,"R$ 49,99",Padrão
Warhammer: Chaosbane - Slayer Edition,0,"R$ 75,49",Padrão
Sid Meier’s Civilization VI - Platinum Edition,0,"R$ 161,20",Padrão
Hogwarts Legacy,0,"R$ 249,99",Padrão
Moonlighter - Between Dimensions,-80%,"R$ 2,89",DLC
ACE COMBAT 7: SKIES UNKNOWN - TOP GUN: Maverick Edition,0,"R$ 219,90",Padrão
Castlevania Anniversary Collection,0,"R$ 119,00",Padrão
CODE VEIN,0,"R$ 149,99",Padrão
LEGO MARVEL's Avengers Season Pass,-95%,"R$ 1,49",DLC
Assassin's Creed Valhalla - Complete Edition,0,"R$ 499,99",Padrão
World War Z: Aftermath - Deluxe Edition,0,"R$ 94,49",Padrão
One Piece Pirate Warriors 3 - Gold Edition,0,"R$ 103,98",Padrão
MY HERO ONE'S JUSTICE 2,0,"R$ 159,90",Padrão
Resident Evil 7 biohazard,0,"R$ 69,99",Padrão
The Dark Pictures Anthology - Little Hope,-50%,"R$ 39,95",Padrão
SpongeBob SquarePants: Battle for Bikini Bottom - Rehydrated,0,"R$ 69,95",Padrão
Phoenix Wright: Ace Attorney Trilogy,0,"R$ 69,99",Padrão
NARUTO SHIPPUDEN: Ultimate Ninja STORM Trilogy,0,"R$ 160,59",Pacote
DRAGON BALL FighterZ - FighterZ Pass 2,0,"R$ 99,90",DLC
Alone in the Dark Anthology,0,"R$ 27,99",Padrão
No Man's Sky,0,"R$ 162,00",Padrão
LEGO Marvel Super Heroes 2,-90%,"R$ 8,99",Padrão
DRAGON BALL FighterZ - FighterZ Pass 3,0,"R$ 79,90",DLC
theHunter: Call of the Wild - Vurhonga Savanna,0,"R$ 15,99",DLC
LEGO DC Super-Villains Season Pass,-90%,"R$ 4,99",DLC
Worms Revolution,-85%,"R$ 4,19",Padrão
theHunter: Call of the Wild - ATV SABER 4X4,0,"R$ 8,39",DLC
theHunter: Call of the Wild - Bloodhound,0,"R$ 8,39",DLC
Euro Truck Simulator 2: Halloween Paint Jobs Pack,0,"R$ 4,49",DLC
SWORD ART ONLINE Alicization Lycoris - Deluxe Edition,0,"R$ 299,90",Padrão
Souldiers,0,"R$ 45,99",Padrão
Death's Door,0,"R$ 49,95",Padrão
The Dark Pictures Anthology - Man of Medan,-50%,"R$ 39,95",Padrão
Ys VI: The Ark of Napishtim,0,"R$ 36,99",Padrão
LOST PLANET 3,0,"R$ 45,99",Padrão
Shadow Warrior,0,"R$ 69,99",Padrão
Ridge Racer Unbounded,0,"R$ 19,98",Padrão
Arma 3 Marksmen,0,"R$ 17,99",DLC
Euro Truck Simulator 2: Ice Cold Paint Jobs Pack,0,"R$ 4,49",DLC
One Piece: Burning Blood - Gold Edition,0,"R$ 219,90",Padrão
Generation Zero,0,"R$ 69,00",Padrão
Eastward,0,"R$ 73,99",Padrão
WRC 7 FIA World Rally Championship,0,"R$ 47,49",Padrão
Horizon Chase Turbo - Senna Sempre,0,"R$ 28,90",DLC
Far Cry 6 - Deluxe Edition,0,"R$ 314,99",Padrão
Captain Tsubasa: Rise of New Champions - Deluxe,0,"R$ 294,90",Padrão
Street Fighter 6,-10%,"R$ 223,99",Pré-Venda
Graveyard Keeper - Stranger Sins,-60%,"R$ 7,99",DLC
Euro Truck Simulator 2 - Viking Legends,0,"R$ 4,49",DLC
Watch Dogs Legion - Deluxe Edition,0,"R$ 274,99",Padrão
Solasta: Crown of the Magister,-65%,"R$ 27,65",Padrão
Ys Origin,0,"R$ 36,99",Padrão
Euro Truck Simulator 2 - Force of Nature Paint Jobs Pack,0,"R$ 4,49",DLC
The Swords of Ditto,0,"R$ 28,99",Padrão
CODE VEIN - Deluxe Edition,0,"R$ 199,99",Padrão
DEADRISING 4,0,"R$ 69,99",Padrão
Children of Morta: Ancient Spirits,0,"R$ 10,89",DLC
Signalis,-10%,"R$ 53,99",Padrão
Indiana Jones and the Emperor's Tomb,0,"R$ 12,39",Padrão
"Star Wars Battlefront (Classic, 2004)",0,"R$ 20,69",Padrão
The Walking Dead: The Final Season,0,"R$ 71,50",Padrão
Ys SEVEN,0,"R$ 45,99",Padrão
Injustice 2 - Standard Edition,-90%,"R$ 22,99",Padrão
Beat Cop,-85%,"R$ 4,19",Padrão
Pacote Black Legends,-85%,"R$ 71,99",Pacote
This War of Mine: Stories - Season Pass,-80%,"R$ 2,89",DLC
SCARLET NEXUS,-75%,"R$ 49,97",Padrão
TOKYO GHOUL:re [CALL to EXIST],0,"R$ 159,90",Padrão
Risk of Rain 2,-50%,"R$ 29,99",Padrão
Ys I & II Chronicles+,0,"R$ 27,99",Padrão
Handball 17,0,"R$ 20,69",Padrão
State of Decay - Year One Survival Edition,0,"R$ 37,99",Padrão
LEGO Marvel Vingadores,-90%,"R$ 8,99",Padrão
The Wolf Among Us,-50%,"R$ 14,49",Padrão
Arma 3 Tac-Ops Mission Pack,0,"R$ 19,00",DLC
theHunter: Call of the Wild - Medved-Taiga,0,"R$ 15,99",DLC
Far Cry 5,0,"R$ 179,99",Padrão
Rocket Knight,0,"R$ 16,99",Padrão
Inversion,0,"R$ 34,99",Padrão
Aragami: Shadow Edition,0,"R$ 57,68",Pacote
Arma 3 Apex,0,"R$ 56,99",DLC
Darkest Dungeon: Soundtrack,0,"R$ 19,99",DLC
Castlevania Advance Collection,0,"R$ 99,00",Padrão
BIOMUTANT,0,"R$ 75,00",Padrão
Sword Art Online Re: Hollow Fragment,0,"R$ 37,99",Padrão
Overcooked,-80%,"R$ 7,79",Padrão
Crunchyroll Mega Fan - 12 Meses,0,"R$ 199,99",Padrão
LEGO Star Wars™: The Skywalker Saga Deluxe Edition,-60%,"R$ 99,99",Padrão
TEKKEN 7 - Originals Edition,0,"R$ 429,49",Padrão
Back 4 Blood Deluxe,-80%,"R$ 83,99",Padrão
Far Cry New Dawn - Ultimate Bundle,0,"R$ 349,99",Padrão
Assassin's Creed: Origins - Gold Edition,0,"R$ 299,99",Padrão
Batman Arkham Asylum GOTY,-80%,"R$ 17,99",Padrão
Returnal,-14%,"R$ 214,91",Padrão
Them and Us,-50%,"R$ 26,99",Padrão
Scooby Doo! & Looney Tunes Cartoon Universe: Adventure,-94%,"R$ 4,50",Padrão
Devolver Bootleg,0,"R$ 10,89",Padrão
Absolver,0,"R$ 55,99",Padrão
Watch_Dogs 2,0,"R$ 149,99",Padrão
Alone in the Dark,0,"R$ 19,99",Padrão
Max Payne 2: The Fall of Max Payne,0,"R$ 14,99",Padrão
Dead Rising 2: Off The Record,0,"R$ 39,99",Padrão
Watch Dogs - Complete Edition,0,"R$ 149,99",Pacote
theHunter: Call of the Wild - Assorted Sidearms Pack,0,"R$ 8,69",DLC
Arma 3 Contact,0,"R$ 49,99",DLC
theHunter: Call of the Wild - Silver Ridge Peaks,0,"R$ 15,99",DLC
American Truck Simulator - Utah,0,"R$ 31,99",DLC
Marvel vs. Capcom: Infinite,0,"R$ 89,99",Padrão
The Escapists 2,-75%,"R$ 14,99",Padrão
Turmoil,-60%,"R$ 7,99",Padrão
Oh My Gore!,0,"R$ 4,49",Padrão
The Talos Principle,0,"R$ 69,99",Padrão
Chroma Squad,0,"R$ 28,99",Padrão
Batman: Arkham Origins Blackgate - Deluxe Edition,-80%,"R$ 17,99",Padrão
Always Sometimes Monsters,0,"R$ 19,99",Padrão
Solasta: Crown of the Magister - Lost Valley,-30%,"R$ 18,82",DLC
Yu-Gi-Oh! Legacy of the Duelist,0,"R$ 39,00",Padrão
Redout: Enhanced Edition,0,"R$ 37,99",Padrão
Destroy All Humans!,0,"R$ 69,95",Padrão
Sunset Overdrive,0,"R$ 37,99",Padrão
Wreckfest,0,"R$ 82,45",Padrão
AER Memories of Old,0,"R$ 27,99",Padrão
Sebastien Loeb Rally EVO,0,"R$ 55,99",Padrão
The Franz Kafka Videogame,0,"R$ 14,49",Padrão
Scania Truck Driving Simulator,0,"R$ 19,99",Padrão
Dragon Ball Xenoverse - Bundle,0,"R$ 125,98",Pacote
theHunter: Call of the Wild - Mississippi Acres Preserve,0,"R$ 15,99",DLC
Destroy All Humans! 2 – Reprobed Dressed to Skill Edition,0,"R$ 99,99",Padrão
Heave Ho,0,"R$ 20,69",Padrão
Bionic Commando Rearmed,0,"R$ 16,99",Padrão
NARUTO TO BORUTO: SHINOBI STRIKER,0,"R$ 139,90",Padrão
For Honor: Starter Edition,0,"R$ 44,99",Padrão
METAL GEAR SURVIVE,0,"R$ 79,99",Padrão
Crash Time 3,-80%,"R$ 4,80",Padrão
GOD EATER 2 Rage Burst,0,"R$ 129,99",Padrão
Worms W.M.D,-80%,"R$ 15,98",Padrão
Hatred,0,"R$ 17,99",Padrão
Mortal Shell,-70%,"R$ 17,09",Padrão
A Plague Tale: Requiem,0,"R$ 169,90",Padrão
Star Wars Episode I Racer,0,"R$ 20,69",Padrão
Gotham Knights,-55%,"R$ 134,99",Padrão
God of War,0,"R$ 199,90",Padrão
SUPER DRAGON BALL HEROES WORLD MISSION,0,"R$ 199,90",Padrão
Pro Fishing Simulator,0,"R$ 20,69",Padrão
Tropico 6,0,"R$ 79,00",Padrão
SWORD ART ONLINE: Fatal Bullet,0,"R$ 159,90",Padrão
Elite Dangerous,0,"R$ 95,99",Padrão
Destiny 2: Além da Luz,-60%,"R$ 35,99",DLC
Titan Quest: Atlantis,0,"R$ 39,99",DLC
American Truck Simulator - Wheel Tuning Pack,0,"R$ 6,49",DLC
Rainbow Six Siege Extraction - Deluxe Edition,0,"R$ 209,99",Padrão
Little Nightmares II - Deluxe Edition,-60%,"R$ 79,96",Padrão
BLACK CLOVER: QUARTET KNIGHTS - Deluxe Edition,0,"R$ 199,90",Padrão
Assassin's Creed: Director's Cut Edition,0,"R$ 59,99",Padrão
Prehistoric Kingdom,0,"R$ 57,99",Padrão
Midnight Fight Express,0,"R$ 59,99",Padrão
Gaucho and the Grassland,-50%,"R$ 29,99",Pré-Venda
Ghostbusters: The Video Game Remastered,-75%,"R$ 11,87",Padrão
Euro Truck Simulator 2 - Flip Paint Designs,0,"R$ 4,49",DLC
SNK 40th ANNIVERSARY COLLECTION,0,"R$ 15,99",Padrão
Injustice: Gods Among Us Ultimate Edition,-80%,"R$ 17,99",Padrão
Immortals Fenyx Rising,0,"R$ 249,90",Padrão
CARRION,0,"R$ 37,99",Padrão
Urban Trial Playground,0,"R$ 14,49",Padrão
Devil's Hunt,0,"R$ 46,99",Padrão
One Piece Pirate Warriors 3,0,"R$ 79,99",Padrão
Euro Truck Simulator 2 - Pirate Paint Jobs Pack,0,"R$ 4,29",DLC
Planet Zoo - Deluxe Edition,0,"R$ 108,99",Padrão
The End,0,"R$ 10,99",Padrão
Assassin’s Creed Syndicate,0,"R$ 89,99",Padrão
MY HERO ONE'S JUSTICE 2 Deluxe Edition,0,"R$ 229,90",Padrão
Tom Clancy's Ghost Recon Wildlands Ultimate Edition,0,"R$ 329,99",Padrão
Worms Revolution Gold Edition,-85%,"R$ 6,89",Padrão
A Lenda do Herói - Edição Definitiva,0,"R$ 29,99",Padrão
UNSIGHTED,0,"R$ 49,99",Padrão
Watch Dogs Legion,0,"R$ 249,99",Padrão
Pongo,0,"R$ 2,29",Padrão
Serial Cleaner,0,"R$ 27,99",Padrão
Dropsy,0,"R$ 19,99",Padrão
Alone in the Dark: The New Nightmare,0,"R$ 13,99",Padrão
Arma 3 Jets,0,"R$ 17,99",DLC
Tom Clancy's Ghost Recon Breakpoint - Ultimate Edition,0,"R$ 359,99",Padrão
American Truck Simulator - Special Transport,0,"R$ 12,19",DLC
Euro Truck Simulator 2 - Prehistoric Paint Jobs Pack,0,"R$ 4,49",DLC
Street Fighter - 30th Anniversary,0,"R$ 89,99",Padrão
Coromon,0,"R$ 59,99",Padrão
LEGO Star Wars III - The Clone Wars,0,"R$ 37,99",Padrão
Tales of Arise,0,"R$ 249,99",Padrão
Dead Rising 2,0,"R$ 34,99",Padrão
Hogwarts Legacy - Deluxe Edition,0,"R$ 299,99",Padrão
Darksiders II: Deathinitive Edition,0,"R$ 55,99",Padrão
Monster Hunter Rise - Deluxe Edition,0,"R$ 168,25",Padrão
Tom Clancy's Ghost Recon Breakpoint - Gold Edition,0,"R$ 299,00",Padrão
GOD EATER 3,-80%,"R$ 49,98",Padrão
Witch It,0,"R$ 59,99",Padrão
Squad,0,"R$ 93,99",Padrão
Metal Gear Solid V: The Phantom Pain,0,"R$ 129,99",Padrão
theHunter: Call of the Wild - Modern Rifle Pack,0,"R$ 8,69",DLC
American Truck Simulator - Heavy Cargo Pack,0,"R$ 12,19",DLC
Batman: Arkham Knight Season Pass,-80%,"R$ 13,99",DLC
theHunter: Call of the Wild - Yukon Valley,0,"R$ 15,99",DLC
American Truck Simulator - Washington,0,"R$ 31,99",DLC
Project Wingman,0,"R$ 47,49",Padrão
Exit the Gungeon,0,"R$ 20,69",Padrão
Darksiders III,0,"R$ 75,49",Padrão
Rain World: Downpour,0,"R$ 46,99",DLC
Arma 3 Tanks,0,"R$ 17,99",DLC
American Truck Simulator - Oregon,0,"R$ 31,99",DLC
This War of Mine - The Little Ones,0,"R$ 9,99",DLC
Dungeons & Dragons: Chronicles of Mystara,0,"R$ 24,99",Padrão
Pacote Black Arkham Nights,-85%,"R$ 67,49",Pacote
Arma 3 Laws of War,0,"R$ 17,99",DLC
Arma 3 Helicopters,0,"R$ 17,99",DLC
theHunter: Call of the Wild - Smoking Barrels Weapon Pack,0,"R$ 8,39",DLC
theHunter: Call of the Wild - Tents & Ground Blinds,0,"R$ 15,99",DLC
Dying Light: The Following - Enhanced Edition,-70%,"R$ 22,49",Padrão
Gauntlet Slayer Edition,-80%,"R$ 17,99",Padrão
Batman - The Enemy Within - The Telltale Series,-50%,"R$ 14,49",Padrão
Okami HD,0,"R$ 39,99",Padrão
SOULCALIBUR VI,0,"R$ 159,90",Padrão
Planet Coaster,0,"R$ 81,99",Padrão
Alan Wake,0,"R$ 28,99",Padrão
Dying Light - Volkan Combat Armor Bundle,-75%,"R$ 1,62",DLC
Jurassic World Evolution 2,0,"R$ 109,99",Padrão
A Plague Tale: Innocence,0,"R$ 129,90",Padrão
Golf With Your Friends,-67%,"R$ 12,53",Padrão
Destiny 2: Fortaleza das Sombras,-60%,"R$ 18,99",DLC
American Truck Simulator - New Mexico,0,"R$ 31,99",DLC
Street Fighter 6 - Deluxe Edition,-10%,"R$ 324,99",Pré-Venda
Star Wars Collection,0,"R$ 169,99",Padrão
SCARLET NEXUS - Ultimate Edition,-75%,"R$ 99,87",Padrão
Stellaris Galaxy Edition,0,"R$ 134,99",Padrão
Euro Truck Simulator 2: Gold Edition,0,"R$ 64,99",Padrão
Storyteller,0,"R$ 39,99",Padrão
American Truck Simulator - Idaho,0,"R$ 31,99",DLC
Risk of Rain 2: Survivors of the Void,-35%,"R$ 18,84",DLC
Stellaris: Aquatics Species Pack,0,"R$ 32,99",DLC
Dying Light - Hellraid,-66%,"R$ 10,19",DLC
BágDex - Líder de Torcida,0,"R$ 280,00",Pré-Venda
ACE COMBAT 7: SKIES UNKNOWN - TOP GUN: Maverick Ultimate Edition,0,"R$ 319,90",Padrão
Kingdoms of Amalur: Re-Reckoning FATE Edition,0,"R$ 132,45",Padrão
Assassin’s Creed Rogue Deluxe Edition,0,"R$ 89,99",Padrão
Titan Quest: Anniversary Edition,0,"R$ 36,99",Padrão
Naruto Shippuden: Ultimate Ninja Storm 3 Full Burst,0,"R$ 79,90",Padrão
Conan Exiles - People of the Dragon Pack,0,"R$ 24,99",DLC
Monster Hunter World: Iceborne - Deluxe Edition,0,"R$ 109,99",DLC
Tom Clancy's Ghost Recon Breakpoint - Deluxe Edition,0,"R$ 209,99",Padrão
The Survivalists - Deluxe Edition,-75%,"R$ 18,74",Padrão
Moonscars,-20%,"R$ 47,99",Padrão
Marvel’s Spider-Man Remastered,0,"R$ 249,90",Padrão
Planet Zoo,0,"R$ 99,99",Padrão
Hamsterdam,0,"R$ 10,89",Padrão
Grand Theft Auto V: Premium Online Edition,0,"R$ 82,42",Pacote
theHunter: Call of the Wild - Cuatro Colinas Game Reserve,0,"R$ 15,99",DLC
Euro Truck Simulator 2 - Christmas Paint Jobs Pack,0,"R$ 4,49",DLC
Contra Anniversary Collection,0,"R$ 79,00",Padrão
Seed Hunter,0,"R$ 18,59",Padrão
Hi-Fi Rush,0,"R$ 109,00",Padrão
Mists of Noyah,0,"R$ 27,99",Padrão
LEGO Star Wars™: The Skywalker Saga,-60%,"R$ 79,99",Padrão
World War Z: Aftermath,0,"R$ 75,49",Padrão
Assassin's Creed: Origins,0,"R$ 179,99",Padrão
Silence,0,"R$ 37,99",Padrão
Stellaris,0,"R$ 107,99",Padrão
Far Cry Primal,0,"R$ 89,99",Padrão
Decay - The Mare,0,"R$ 10,49",Padrão
theHunter: Call of the Wild - Rancho del Arroyo,0,"R$ 15,99",DLC
theHunter: Call of the Wild - Te Awaroa National Park,0,"R$ 15,99",DLC
Dying Light - Astronaut Bundle,-53%,"R$ 3,05",DLC
Conan Exiles - Blood and Sand Pack,0,"R$ 24,99",DLC
Golazo! Soccer League,0,"R$ 18,59",Padrão
Vampire: The Masquerade - Coteries of New York,0,"R$ 37,99",Padrão
Downwell,0,"R$ 6,29",Padrão
Post Scriptum,0,"R$ 58,90",Padrão
Stories Untold,0,"R$ 19,99",Padrão
Aragami,0,"R$ 36,99",Padrão
STRIDER,0,"R$ 24,99",Padrão
Planet Zoo: Tropical Pack,-14%,"R$ 20,69",DLC
Batman - The Telltale Series,-50%,"R$ 14,49",Padrão
